INSERT INTO pacientes (id, dni, nombre, apellido, edad, direccion, nro_contacto) VALUES
(1, '12345678', 'Juan', 'Garcia', 30, 'Av. Corrientes 1234, CABA', '+541155555555'),
(2, '98765432', 'Maria', 'Lopez', 25, 'Av. Santa Fe 5678, CABA', '+541155555556'),
(3, '34567890', 'Carlos', 'Martinez', 35, 'Av. Rivadavia 910, CABA', '+541155555557'),
(4, '23456789', 'Ana', 'Rodriguez', 28, 'Calle Uruguay 4321, CABA', '+541155555558'),
(5, '45678901', 'Luis', 'Fernandez', 42, 'Av. Callao 2100, CABA', '+541155555559'),
(6, '89012345', 'Laura', 'Gutierrez', 31, 'Av. Corrientes 456, CABA', '+541155555560'),
(7, '67890123', 'Martin', 'Diaz', 27, 'Calle Parana 987, CABA', '+541155555561'),
(8, '56789012', 'Silvia', 'Perez', 38, 'Av. Scalabrini Ortiz 123, CABA', '+541155555562'),
(9, '12389012', 'Pedro', 'Lopez', 29, 'Av. Cabildo 3456, CABA', '+541155555563'),
(10, '78901234', 'Elena', 'Sanchez', 33, 'Calle Billinghurst 789, CABA', '+541155555564'),
(11, '23456789', 'Jorge', 'Gomez', 45, 'Av. Libertador 5678, CABA', '+541155555565'),
(12, '34567890', 'Mariana', 'Torres', 26, 'Av. Belgrano 654, CABA', '+541155555566'),
(13, '45678901', 'Ricardo', 'Romero', 39, 'Calle Lavalle 4321, CABA', '+541155555567'),
(14, '56789012', 'Valeria', 'Alvarez', 36, 'Av. Pueyrredon 987, CABA', '+541155555568'),
(15, '67890123', 'Carolina', 'Mendoza', 34, 'Av. Rivadavia 345, CABA', '+541155555569'),
(16, '78901234', 'Gustavo', 'Castillo', 41, 'Av. Corrientes 7890, CABA', '+541155555570'),
(17, '89012345', 'Natalia', 'Fernandez', 30, 'Calle Maipu 123, CABA', '+541155555571'),
(18, '90123456', 'Diego', 'Moreno', 37, 'Av. Santa Fe 2345, CABA', '+541155555572'),
(19, '01234567', 'Florencia', 'Paz', 28, 'Calle Esmeralda 678, CABA', '+541155555573'),
(20, '12345678', 'Raul', 'Blanco', 32, 'Av. Cabildo 4567, CABA', '+541155555574');

INSERT INTO medicos (id, dni, matricula, nombre, apellido, especialidad, nro_contacto) 
VALUES 
(1, '20345678', 'M1234', 'Maria', 'Gonzalez', 'CLINICA_MEDICA', '+5491123456789'),
(2, '30456789', 'M2345', 'Juan', 'Martinez', 'CARDIOLOGIA', '+5491123456790'),
(3, '40567890', 'M3456', 'Lucia', 'Fernandez', 'DERMATOLOGIA', '+5491123456791'),
(4, '50678901', 'M4567', 'Diego', 'Lopez', 'NEUROLOGIA', '+5491123456792'),
(5, '60789012', 'M5678', 'Valentina', 'Rodriguez', 'GASTROENTEROLOGIA', '+5491123456793'),
(6, '70890123', 'M6789', 'Gabriela', 'Sanchez', 'OFTALMOLOGIA', '+5491123456794'),
(7, '80901234', 'M7890', 'Pedro', 'Gomez', 'CLINICA_MEDICA', '+5491123456795'),
(8, '91012345', 'M8901', 'Laura', 'Perez', 'CARDIOLOGIA', '+5491123456796'),
(9, '01023456', 'M9012', 'Matias', 'Suarez', 'NEUROLOGIA', '+5491123456797'),
(10, '12134567', 'M0123', 'Carolina', 'Lopez', 'OFTALMOLOGIA', '+5491123456798'),
(11, '23243432', 'M2341', 'Manuel', 'Rodriguez', 'CLINICA_MEDICA', '+5491123456799'),
(12, '34351234', 'M3452', 'Juana', 'Fernandez', 'CARDIOLOGIA', '+5491123456700'),
(13, '45462345', 'M4563', 'Mateo', 'Gonzalez', 'DERMATOLOGIA', '+5491123456701'),
(14, '56573456', 'M5674', 'Camila', 'Martinez', 'NEUROLOGIA', '+5491123456702'),
(15, '67684567', 'M6785', 'Francisco', 'Suarez', 'GASTROENTEROLOGIA', '+5491123456703'),
(16, '78795678', 'M7896', 'Valeria', 'Lopez', 'OFTALMOLOGIA', '+5491123456704'),
(17, '89806789', 'M8907', 'Joaquin', 'Garcia', 'CLINICA_MEDICA', '+5491123456705'),
(18, '90917890', 'M9018', 'Mariana', 'Perez', 'CARDIOLOGIA', '+5491123456706'),
(19, '01028901', 'M0129', 'Tomas', 'Martin', 'NEUROLOGIA', '+5491123456707'),
(20, '12139012', 'M1230', 'Valentina', 'Fernandez', 'OFTALMOLOGIA', '+5491123456708');

INSERT INTO turnos (id, id_pacientes, id_medicos, fecha, hora, estado) VALUES
(1, 1, 5, '2024-08-20', 'H10_00', 'CONFIRMADO'),
(2, 2, 7, '2024-08-21', 'H14_30', 'PENDIENTE'),
(3, 3, 9, '2024-08-22', 'H16_00', 'CONFIRMADO'),
(4, 4, 11, '2024-08-23', 'H11_30', 'CONFIRMADO'),
(5, 5, 13, '2024-08-26', 'H15_00', 'PENDIENTE'),
(6, 6, 8, '2024-08-27', 'H12_00', 'CONFIRMADO'),
(7, 7, 10, '2024-08-28', 'H16_30', 'PENDIENTE'),
(8, 8, 12, '2024-08-29', 'H11_00', 'CONFIRMADO'),
(9, 9, 14, '2024-08-30', 'H15_30', 'CONFIRMADO'),
(10, 10, 16, '2024-09-02', 'H10_30', 'PENDIENTE'),
(11, 11, 18, '2024-09-03', 'H13_30', 'CONFIRMADO'),
(12, 12, 20, '2024-09-04', 'H14_00', 'CONFIRMADO'),
(13, 13, 2, '2024-09-05', 'H16_30', 'PENDIENTE'),
(14, 14, 4, '2024-09-06', 'H12_30', 'CONFIRMADO'),
(15, 15, 6, '2024-09-09', 'H10_30', 'PENDIENTE'),
(16, 16, 8, '2024-09-10', 'H11_30', 'CONFIRMADO'),
(17, 17, 10, '2024-09-11', 'H15_00', 'CONFIRMADO'),
(18, 18, 12, '2024-09-12', 'H17_30', 'PENDIENTE'),
(19, 19, 14, '2024-09-13', 'H14_30', 'CONFIRMADO'),
(20, 20, 16, '2024-09-16', 'H12_30', 'CONFIRMADO'),
(21, 1, 3, '2024-09-17', 'H10_00', 'CONFIRMADO'),
(22, 2, 6, '2024-09-18', 'H11_00', 'PENDIENTE'),
(23, 3, 1, '2024-09-19', 'H10_00', 'CONFIRMADO'),
(24, 4, 2, '2024-09-20', 'H12_00', 'CONFIRMADO'),
(25, 5, 4, '2024-09-23', 'H14_00', 'PENDIENTE'),
(26, 6, 5, '2024-09-24', 'H13_00', 'CONFIRMADO'),
(27, 7, 9, '2024-09-25', 'H15_00', 'PENDIENTE'),
(28, 8, 10, '2024-09-26', 'H16_00', 'CONFIRMADO'),
(29, 9, 11, '2024-09-27', 'H10_00', 'CONFIRMADO'),
(30, 10, 12, '2024-09-30', 'H11_00', 'PENDIENTE'),
(31, 11, 13, '2024-10-01', 'H10_00', 'CONFIRMADO'),
(32, 12, 14, '2024-10-02', 'H12_00', 'CONFIRMADO'),
(33, 13, 15, '2024-10-03', 'H14_00', 'PENDIENTE'),
(34, 14, 16, '2024-10-04', 'H13_00', 'CONFIRMADO'),
(35, 15, 17, '2024-10-07', 'H15_00', 'PENDIENTE'),
(36, 16, 18, '2024-10-08', 'H16_00', 'CONFIRMADO'),
(37, 17, 19, '2024-10-09', 'H10_00', 'CONFIRMADO'),
(38, 18, 20, '2024-10-10', 'H11_00', 'PENDIENTE'),
(39, 19, 1, '2024-10-11', 'H10_00', 'CONFIRMADO'),
(40, 20, 2, '2024-10-14', 'H12_00', 'PENDIENTE');

select * from pacientes;

SELECT * from medicos;

SELECT * from turnos